date,nasdaq100,mom_6m,mom_8m,mom_10m,mom_12m,fenetres_positives,cible_lqq,action,mult_strategie,mult_hodl_lqq
1999-01-29,2127.19,HAUSSE,HAUSSE,HAUSSE,HAUSSE,4,1.0,INIT,1.3293,1.3293
1999-02-26,1925.28,HAUSSE,HAUSSE,HAUSSE,HAUSSE,4,1.0,CONSERVER,1.073,1.073
1999-03-31,2106.39,HAUSSE,HAUSSE,HAUSSE,HAUSSE,4,1.0,CONSERVER,1.273,1.273
1999-04-30,2136.39,HAUSSE,HAUSSE,HAUSSE,HAUSSE,4,1.0,CONSERVER,1.2919,1.2919
1999-05-28,2089.7,HAUSSE,HAUSSE,HAUSSE,HAUSSE,4,1.0,CONSERVER,1.2254,1.2254
1999-06-30,2296.77,HAUSSE,HAUSSE,HAUSSE,HAUSSE,4,1.0,CONSERVER,1.4621,1.4621
1999-07-30,2270.93,HAUSSE,HAUSSE,HAUSSE,HAUSSE,4,1.0,CONSERVER,1.4184,1.4184
1999-08-31,2396.87,HAUSSE,HAUSSE,HAUSSE,HAUSSE,4,1.0,CONSERVER,1.5694,1.5694
1999-09-30,2407.9,HAUSSE,HAUSSE,HAUSSE,HAUSSE,4,1.0,CONSERVER,1.5706,1.5706
1999-10-29,2637.44,HAUSSE,HAUSSE,HAUSSE,HAUSSE,4,1.0,CONSERVER,1.869,1.869
1999-11-30,2966.71,HAUSSE,HAUSSE,HAUSSE,HAUSSE,4,1.0,CONSERVER,2.3501,2.3501
1999-12-31,3707.83,HAUSSE,HAUSSE,HAUSSE,HAUSSE,4,1.0,CONSERVER,3.6456,3.6456
2000-01-31,3570.05,HAUSSE,HAUSSE,HAUSSE,HAUSSE,4,1.0,CONSERVER,3.2918,3.2918
2000-02-29,4266.94,HAUSSE,HAUSSE,HAUSSE,HAUSSE,4,1.0,CONSERVER,4.6449,4.6449
2000-03-31,4397.84,HAUSSE,HAUSSE,HAUSSE,HAUSSE,4,1.0,CONSERVER,4.8332,4.8332
2000-04-28,3773.18,HAUSSE,HAUSSE,HAUSSE,HAUSSE,4,1.0,CONSERVER,3.3605,3.3605
2000-05-31,3324.08,HAUSSE,HAUSSE,HAUSSE,HAUSSE,4,1.0,CONSERVER,2.5095,2.5095
2000-06-30,3763.79,HAUSSE,HAUSSE,HAUSSE,HAUSSE,4,1.0,CONSERVER,3.1569,3.1569
2000-07-31,3609.35,HAUSSE,HAUSSE,HAUSSE,HAUSSE,4,1.0,CONSERVER,2.8532,2.8532
2000-08-31,4077.59,HAUSSE,HAUSSE,HAUSSE,HAUSSE,4,1.0,CONSERVER,3.619,3.619
2000-09-29,3570.61,BAISSE,HAUSSE,HAUSSE,HAUSSE,3,0.75,VENDRE,2.958,2.7377
2000-10-31,3282.3,BAISSE,HAUSSE,HAUSSE,HAUSSE,3,0.75,CONSERVER,2.5525,2.2373
2000-11-30,2506.54,BAISSE,BAISSE,BAISSE,HAUSSE,1,0.25,VENDRE,2.2754,1.2657
2000-12-29,2341.7,BAISSE,BAISSE,BAISSE,BAISSE,0,0.0,VENDRE,2.2754,1.0554
2001-01-31,2593.0,BAISSE,BAISSE,BAISSE,BAISSE,0,0.0,CONSERVER,2.2754,1.2235
2001-02-28,1908.32,BAISSE,BAISSE,BAISSE,BAISSE,0,0.0,CONSERVER,2.2754,0.6465
2001-03-30,1573.25,BAISSE,BAISSE,BAISSE,BAISSE,0,0.0,CONSERVER,2.2754,0.4213
2001-04-30,1855.15,BAISSE,BAISSE,BAISSE,BAISSE,0,0.0,CONSERVER,2.2754,0.5568
2001-05-31,1799.89,BAISSE,BAISSE,BAISSE,BAISSE,0,0.0,CONSERVER,2.2754,0.5132
2001-06-29,1830.19,BAISSE,BAISSE,BAISSE,BAISSE,0,0.0,CONSERVER,2.2754,0.5245
2001-07-31,1683.61,BAISSE,BAISSE,BAISSE,BAISSE,0,0.0,CONSERVER,2.2754,0.4366
2001-08-31,1469.7,BAISSE,BAISSE,BAISSE,BAISSE,0,0.0,CONSERVER,2.2754,0.3278
2001-09-28,1168.37,BAISSE,BAISSE,BAISSE,BAISSE,0,0.0,CONSERVER,2.2754,0.2033
2001-10-31,1364.78,BAISSE,BAISSE,BAISSE,BAISSE,0,0.0,CONSERVER,2.2754,0.2705
2001-11-30,1596.05,BAISSE,BAISSE,BAISSE,BAISSE,0,0.0,CONSERVER,2.2754,0.3661
2001-12-31,1577.05,BAISSE,HAUSSE,BAISSE,BAISSE,1,0.25,ACHETER,2.2555,0.3533
2002-01-31,1550.17,BAISSE,BAISSE,BAISSE,BAISSE,0,0.0,VENDRE,2.2555,0.3384
2002-02-28,1359.22,BAISSE,BAISSE,BAISSE,BAISSE,0,0.0,CONSERVER,2.2555,0.2577
2002-03-28,1452.81,BAISSE,BAISSE,BAISSE,BAISSE,0,0.0,CONSERVER,2.2555,0.2914
2002-04-30,1277.07,HAUSSE,BAISSE,BAISSE,BAISSE,1,0.25,ACHETER,2.1224,0.2227
2002-05-31,1208.34,BAISSE,BAISSE,BAISSE,BAISSE,0,0.0,VENDRE,2.1224,0.1949
2002-06-28,1051.41,BAISSE,HAUSSE,BAISSE,BAISSE,1,0.25,ACHETER,1.9888,0.1458
2002-07-31,962.1,BAISSE,BAISSE,BAISSE,BAISSE,0,0.0,VENDRE,1.9888,0.1182
2002-08-30,942.38,BAISSE,BAISSE,BAISSE,BAISSE,0,0.0,CONSERVER,1.9888,0.111
2002-09-30,832.52,BAISSE,BAISSE,BAISSE,BAISSE,0,0.0,CONSERVER,1.9888,0.0854
2002-10-31,989.54,BAISSE,BAISSE,BAISSE,BAISSE,0,0.0,CONSERVER,1.9888,0.1184
2002-11-29,1116.1,BAISSE,BAISSE,BAISSE,BAISSE,0,0.0,CONSERVER,1.9888,0.1485
2002-12-31,984.37,BAISSE,BAISSE,BAISSE,BAISSE,0,0.0,CONSERVER,1.9888,0.1145
2003-01-31,983.05,BAISSE,BAISSE,BAISSE,BAISSE,0,0.0,CONSERVER,1.9888,0.113
2003-02-28,1009.74,HAUSSE,BAISSE,BAISSE,BAISSE,1,0.25,ACHETER,2.0136,0.1186
2003-03-31,1018.66,HAUSSE,BAISSE,BAISSE,BAISSE,1,0.25,CONSERVER,2.0175,0.1195
2003-04-30,1106.06,HAUSSE,HAUSSE,BAISSE,BAISSE,2,0.5,ACHETER,2.1919,0.1402
2003-05-30,1197.89,HAUSSE,HAUSSE,HAUSSE,BAISSE,3,0.75,ACHETER,2.466,0.1636
2003-06-30,1201.69,HAUSSE,HAUSSE,HAUSSE,BAISSE,3,0.75,CONSERVER,2.4698,0.1639
2003-07-31,1276.94,HAUSSE,HAUSSE,HAUSSE,HAUSSE,4,1.0,ACHETER,2.7742,0.1841
2003-08-29,1341.2,HAUSSE,HAUSSE,HAUSSE,HAUSSE,4,1.0,CONSERVER,3.0518,0.2025
2003-09-30,1303.7,HAUSSE,HAUSSE,HAUSSE,HAUSSE,4,1.0,CONSERVER,2.8661,0.1902
2003-10-31,1416.39,HAUSSE,HAUSSE,HAUSSE,HAUSSE,4,1.0,CONSERVER,3.3691,0.2236
2003-11-28,1424.25,HAUSSE,HAUSSE,HAUSSE,HAUSSE,4,1.0,CONSERVER,3.3937,0.2252
2003-12-31,1467.92,HAUSSE,HAUSSE,HAUSSE,HAUSSE,4,1.0,CONSERVER,3.5937,0.2385
2004-01-30,1493.08,HAUSSE,HAUSSE,HAUSSE,HAUSSE,4,1.0,CONSERVER,3.7089,0.2461
2004-02-27,1470.38,HAUSSE,HAUSSE,HAUSSE,HAUSSE,4,1.0,CONSERVER,3.5899,0.2382
2004-03-31,1438.41,HAUSSE,HAUSSE,HAUSSE,HAUSSE,4,1.0,CONSERVER,3.4205,0.227
2004-04-30,1401.36,HAUSSE,HAUSSE,HAUSSE,HAUSSE,4,1.0,CONSERVER,3.2328,0.2145
2004-05-28,1466.22,BAISSE,HAUSSE,HAUSSE,HAUSSE,3,0.75,VENDRE,3.4575,0.2344
2004-06-30,1516.64,HAUSSE,HAUSSE,HAUSSE,HAUSSE,4,1.0,ACHETER,3.6905,0.2502
2004-07-30,1400.39,HAUSSE,HAUSSE,HAUSSE,HAUSSE,4,1.0,CONSERVER,3.1343,0.2125
2004-08-31,1368.68,BAISSE,BAISSE,HAUSSE,HAUSSE,2,0.5,VENDRE,3.0584,0.2022
2004-09-30,1412.74,BAISSE,BAISSE,BAISSE,HAUSSE,1,0.25,VENDRE,3.1066,0.2149
2004-10-29,1486.72,BAISSE,BAISSE,BAISSE,HAUSSE,1,0.25,CONSERVER,3.187,0.2372
2004-11-30,1571.5,HAUSSE,HAUSSE,HAUSSE,HAUSSE,4,1.0,ACHETER,3.5554,0.2646
2004-12-31,1621.12,HAUSSE,HAUSSE,HAUSSE,HAUSSE,4,1.0,CONSERVER,3.7778,0.2812
2005-01-31,1519.63,HAUSSE,HAUSSE,HAUSSE,HAUSSE,4,1.0,CONSERVER,3.3113,0.2465
2005-02-28,1511.02,HAUSSE,HAUSSE,HAUSSE,HAUSSE,4,1.0,CONSERVER,3.268,0.2432
2005-03-31,1482.53,HAUSSE,BAISSE,HAUSSE,HAUSSE,3,0.75,VENDRE,3.1726,0.2338
2005-04-29,1420.79,HAUSSE,HAUSSE,HAUSSE,HAUSSE,4,1.0,ACHETER,2.9043,0.214
2005-05-31,1542.63,BAISSE,HAUSSE,BAISSE,HAUSSE,2,0.5,VENDRE,3.1622,0.252
2005-06-30,1493.52,BAISSE,HAUSSE,HAUSSE,HAUSSE,3,0.75,ACHETER,3.0109,0.2359
2005-07-29,1605.14,BAISSE,HAUSSE,HAUSSE,BAISSE,2,0.5,VENDRE,3.2423,0.2722
2005-08-31,1581.71,HAUSSE,HAUSSE,HAUSSE,HAUSSE,4,1.0,ACHETER,3.1445,0.264
2005-09-30,1601.66,HAUSSE,BAISSE,HAUSSE,HAUSSE,3,0.75,VENDRE,3.2021,0.2704
2005-10-31,1579.18,HAUSSE,HAUSSE,HAUSSE,HAUSSE,4,1.0,ACHETER,3.1056,0.2623
2005-11-30,1672.56,HAUSSE,HAUSSE,BAISSE,HAUSSE,3,0.75,VENDRE,3.3866,0.2939
2005-12-30,1645.2,HAUSSE,HAUSSE,HAUSSE,HAUSSE,4,1.0,ACHETER,3.2733,0.2841
2006-01-31,1710.75,HAUSSE,HAUSSE,HAUSSE,HAUSSE,4,1.0,CONSERVER,3.5305,0.3064
2006-02-28,1670.57,HAUSSE,HAUSSE,HAUSSE,HAUSSE,4,1.0,CONSERVER,3.3606,0.2917
2006-03-31,1703.66,HAUSSE,HAUSSE,HAUSSE,HAUSSE,4,1.0,CONSERVER,3.4901,0.3029
2006-04-28,1700.71,HAUSSE,HAUSSE,HAUSSE,HAUSSE,4,1.0,CONSERVER,3.4742,0.3015
2006-05-31,1579.58,HAUSSE,HAUSSE,HAUSSE,HAUSSE,4,1.0,CONSERVER,2.9899,0.2595
2006-06-30,1575.23,BAISSE,BAISSE,BAISSE,HAUSSE,1,0.25,VENDRE,2.9826,0.257
2006-07-31,1509.43,BAISSE,BAISSE,BAISSE,HAUSSE,1,0.25,CONSERVER,2.9195,0.2352
2006-08-31,1579.73,BAISSE,BAISSE,BAISSE,BAISSE,0,0.0,VENDRE,2.9195,0.2571
2006-09-29,1654.13,BAISSE,BAISSE,HAUSSE,BAISSE,1,0.25,ACHETER,2.9885,0.2814
2006-10-31,1732.54,BAISSE,BAISSE,BAISSE,HAUSSE,1,0.25,CONSERVER,3.0595,0.3081
2006-11-30,1791.25,HAUSSE,HAUSSE,HAUSSE,HAUSSE,4,1.0,ACHETER,3.2655,0.3289
2006-12-29,1756.9,HAUSSE,HAUSSE,HAUSSE,HAUSSE,4,1.0,CONSERVER,3.1385,0.3161
2007-01-31,1792.28,HAUSSE,HAUSSE,HAUSSE,HAUSSE,4,1.0,CONSERVER,3.2605,0.3284
2007-02-28,1761.6,HAUSSE,HAUSSE,HAUSSE,HAUSSE,4,1.0,CONSERVER,3.1418,0.3164
2007-03-30,1772.36,HAUSSE,HAUSSE,HAUSSE,HAUSSE,4,1.0,CONSERVER,3.1737,0.3196
2007-04-30,1867.75,HAUSSE,HAUSSE,HAUSSE,HAUSSE,4,1.0,CONSERVER,3.5213,0.3546
2007-05-31,1928.19,HAUSSE,HAUSSE,HAUSSE,HAUSSE,4,1.0,CONSERVER,3.7478,0.3775
2007-06-29,1934.1,HAUSSE,HAUSSE,HAUSSE,HAUSSE,4,1.0,CONSERVER,3.7657,0.3793
2007-07-31,1932.06,HAUSSE,HAUSSE,HAUSSE,HAUSSE,4,1.0,CONSERVER,3.7497,0.3776
2007-08-31,1988.73,HAUSSE,HAUSSE,HAUSSE,HAUSSE,4,1.0,CONSERVER,3.9509,0.3979
2007-09-28,2091.11,HAUSSE,HAUSSE,HAUSSE,HAUSSE,4,1.0,CONSERVER,4.3591,0.439
2007-10-31,2238.98,HAUSSE,HAUSSE,HAUSSE,HAUSSE,4,1.0,CONSERVER,4.98,0.5016
2007-11-30,2089.1,HAUSSE,HAUSSE,HAUSSE,HAUSSE,4,1.0,CONSERVER,4.2996,0.433
2007-12-31,2084.93,HAUSSE,HAUSSE,HAUSSE,HAUSSE,4,1.0,CONSERVER,4.2684,0.4299
2008-01-31,1841.42,HAUSSE,HAUSSE,HAUSSE,HAUSSE,4,1.0,CONSERVER,3.305,0.3329
2008-02-29,1745.27,BAISSE,BAISSE,HAUSSE,HAUSSE,2,0.5,VENDRE,3.1308,0.2978
2008-03-31,1781.93,BAISSE,BAISSE,BAISSE,BAISSE,0,0.0,VENDRE,3.1308,0.3079
2008-04-30,1917.7,BAISSE,BAISSE,BAISSE,HAUSSE,1,0.25,ACHETER,3.2497,0.3547
2008-05-30,2032.57,BAISSE,BAISSE,BAISSE,HAUSSE,1,0.25,CONSERVER,3.3469,0.3971
2008-06-30,1837.09,BAISSE,BAISSE,HAUSSE,HAUSSE,2,0.5,ACHETER,3.0319,0.3224
2008-07-31,1849.15,BAISSE,BAISSE,BAISSE,BAISSE,0,0.0,VENDRE,3.0319,0.3248
2008-08-29,1872.54,HAUSSE,BAISSE,BAISSE,BAISSE,1,0.25,ACHETER,3.048,0.3317
2008-09-30,1594.63,HAUSSE,BAISSE,BAISSE,BAISSE,1,0.25,CONSERVER,2.8224,0.2335
2008-10-31,1334.78,BAISSE,BAISSE,BAISSE,BAISSE,0,0.0,VENDRE,2.8224,0.1549
2008-11-28,1185.75,BAISSE,BAISSE,BAISSE,BAISSE,0,0.0,CONSERVER,2.8224,0.1184
2008-12-31,1211.65,BAISSE,BAISSE,BAISSE,BAISSE,0,0.0,CONSERVER,2.8224,0.1211
2009-01-30,1180.25,BAISSE,BAISSE,BAISSE,BAISSE,0,0.0,CONSERVER,2.8224,0.1135
2009-02-27,1116.99,BAISSE,BAISSE,BAISSE,BAISSE,0,0.0,CONSERVER,2.8224,0.1007
2009-03-31,1237.01,BAISSE,BAISSE,BAISSE,BAISSE,0,0.0,CONSERVER,2.8224,0.1213
2009-04-30,1394.33,BAISSE,BAISSE,BAISSE,BAISSE,0,0.0,CONSERVER,2.8224,0.1531
2009-05-29,1435.57,HAUSSE,BAISSE,BAISSE,BAISSE,1,0.25,ACHETER,2.8611,0.1615
2009-06-30,1477.25,HAUSSE,BAISSE,BAISSE,BAISSE,1,0.25,CONSERVER,2.9005,0.1704
2009-07-31,1603.36,HAUSSE,HAUSSE,BAISSE,BAISSE,2,0.5,ACHETER,3.1524,0.2
2009-08-31,1625.19,HAUSSE,HAUSSE,HAUSSE,BAISSE,3,0.75,ACHETER,3.2108,0.205
2009-09-30,1718.99,HAUSSE,HAUSSE,HAUSSE,BAISSE,3,0.75,CONSERVER,3.4919,0.2289
2009-10-30,1667.13,HAUSSE,HAUSSE,HAUSSE,HAUSSE,4,1.0,ACHETER,3.2725,0.2145
2009-11-30,1767.43,HAUSSE,HAUSSE,HAUSSE,HAUSSE,4,1.0,CONSERVER,3.6701,0.2406
2009-12-31,1860.31,HAUSSE,HAUSSE,HAUSSE,HAUSSE,4,1.0,CONSERVER,4.0604,0.2662
2010-01-29,1741.04,HAUSSE,HAUSSE,HAUSSE,HAUSSE,4,1.0,CONSERVER,3.5443,0.2323
2010-02-26,1818.68,HAUSSE,HAUSSE,HAUSSE,HAUSSE,4,1.0,CONSERVER,3.8593,0.253
2010-03-31,1958.34,HAUSSE,HAUSSE,HAUSSE,HAUSSE,4,1.0,CONSERVER,4.4707,0.2931
2010-04-30,2000.63,HAUSSE,HAUSSE,HAUSSE,HAUSSE,4,1.0,CONSERVER,4.6574,0.3053
2010-05-28,1852.39,HAUSSE,HAUSSE,HAUSSE,HAUSSE,4,1.0,CONSERVER,3.9538,0.2592
2010-06-30,1739.14,HAUSSE,HAUSSE,HAUSSE,HAUSSE,4,1.0,CONSERVER,3.4631,0.227
2010-07-30,1864.0,BAISSE,HAUSSE,HAUSSE,HAUSSE,3,0.75,VENDRE,3.8395,0.2599
2010-08-31,1767.43,HAUSSE,HAUSSE,HAUSSE,HAUSSE,4,1.0,ACHETER,3.442,0.233
2010-09-30,1998.04,BAISSE,BAISSE,HAUSSE,HAUSSE,2,0.5,VENDRE,3.9148,0.297
2010-10-29,2124.45,HAUSSE,HAUSSE,HAUSSE,HAUSSE,4,1.0,ACHETER,4.4177,0.3352
2010-11-30,2117.33,HAUSSE,HAUSSE,HAUSSE,HAUSSE,4,1.0,CONSERVER,4.3785,0.3322
2010-12-31,2217.86,HAUSSE,HAUSSE,HAUSSE,HAUSSE,4,1.0,CONSERVER,4.8004,0.3642
2011-01-31,2281.91,HAUSSE,HAUSSE,HAUSSE,HAUSSE,4,1.0,CONSERVER,5.0731,0.3849
2011-02-28,2350.99,HAUSSE,HAUSSE,HAUSSE,HAUSSE,4,1.0,CONSERVER,5.3754,0.4078
2011-03-31,2338.99,HAUSSE,HAUSSE,HAUSSE,HAUSSE,4,1.0,CONSERVER,5.3046,0.4024
2011-04-29,2404.08,HAUSSE,HAUSSE,HAUSSE,HAUSSE,4,1.0,CONSERVER,5.5989,0.4248
2011-05-31,2372.54,HAUSSE,HAUSSE,HAUSSE,HAUSSE,4,1.0,CONSERVER,5.4453,0.4131
2011-06-30,2325.07,HAUSSE,HAUSSE,HAUSSE,HAUSSE,4,1.0,CONSERVER,5.2132,0.3955
2011-07-29,2362.81,HAUSSE,HAUSSE,HAUSSE,HAUSSE,4,1.0,CONSERVER,5.3695,0.4074
2011-08-31,2241.01,HAUSSE,HAUSSE,HAUSSE,HAUSSE,4,1.0,CONSERVER,4.7346,0.3592
2011-09-30,2139.18,BAISSE,HAUSSE,HAUSSE,HAUSSE,3,0.75,VENDRE,4.4013,0.3255
2011-10-31,2360.08,BAISSE,BAISSE,HAUSSE,HAUSSE,2,0.5,VENDRE,4.8618,0.3936
2011-11-30,2295.2,BAISSE,HAUSSE,HAUSSE,HAUSSE,3,0.75,ACHETER,4.6378,0.3694
2011-12-30,2277.83,BAISSE,BAISSE,HAUSSE,HAUSSE,2,0.5,VENDRE,4.5966,0.3629
2012-01-31,2467.95,BAISSE,BAISSE,BAISSE,HAUSSE,1,0.25,VENDRE,4.795,0.4255
2012-02-29,2623.1,HAUSSE,HAUSSE,HAUSSE,HAUSSE,4,1.0,ACHETER,5.4119,0.4803
2012-03-30,2755.27,HAUSSE,HAUSSE,HAUSSE,HAUSSE,4,1.0,CONSERVER,5.9636,0.5292
2012-04-30,2723.68,HAUSSE,HAUSSE,HAUSSE,HAUSSE,4,1.0,CONSERVER,5.8124,0.5158
2012-05-31,2524.87,HAUSSE,HAUSSE,HAUSSE,HAUSSE,4,1.0,CONSERVER,4.9821,0.4421
2012-06-29,2615.72,HAUSSE,HAUSSE,HAUSSE,HAUSSE,4,1.0,CONSERVER,5.3225,0.4723
2012-07-31,2642.53,HAUSSE,HAUSSE,HAUSSE,HAUSSE,4,1.0,CONSERVER,5.42,0.481
2012-08-31,2772.24,HAUSSE,HAUSSE,HAUSSE,HAUSSE,4,1.0,CONSERVER,5.9593,0.5288
2012-09-28,2799.19,HAUSSE,HAUSSE,HAUSSE,HAUSSE,4,1.0,CONSERVER,6.0665,0.5383
2012-10-31,2647.92,HAUSSE,HAUSSE,HAUSSE,HAUSSE,4,1.0,CONSERVER,5.4194,0.4809
2012-11-30,2677.88,BAISSE,HAUSSE,HAUSSE,HAUSSE,3,0.75,VENDRE,5.5014,0.4906
2012-12-31,2660.93,HAUSSE,BAISSE,HAUSSE,HAUSSE,3,0.75,CONSERVER,5.4424,0.4836
2013-01-31,2731.53,HAUSSE,BAISSE,HAUSSE,HAUSSE,3,0.75,CONSERVER,5.6557,0.5089
2013-02-28,2738.58,HAUSSE,HAUSSE,BAISSE,HAUSSE,3,0.75,CONSERVER,5.6708,0.5107
2013-03-28,2818.69,BAISSE,HAUSSE,HAUSSE,HAUSSE,3,0.75,CONSERVER,5.9205,0.5407
2013-04-30,2887.44,HAUSSE,HAUSSE,HAUSSE,HAUSSE,4,1.0,ACHETER,6.197,0.5659
2013-05-31,2981.76,HAUSSE,HAUSSE,HAUSSE,HAUSSE,4,1.0,CONSERVER,6.6029,0.603
2013-06-28,2909.6,HAUSSE,HAUSSE,HAUSSE,HAUSSE,4,1.0,CONSERVER,6.2746,0.573
2013-07-31,3090.19,HAUSSE,HAUSSE,HAUSSE,HAUSSE,4,1.0,CONSERVER,7.0713,0.6458
2013-08-30,3073.81,HAUSSE,HAUSSE,HAUSSE,HAUSSE,4,1.0,CONSERVER,6.9875,0.6381
2013-09-30,3218.2,HAUSSE,HAUSSE,HAUSSE,HAUSSE,4,1.0,CONSERVER,7.6546,0.699
2013-10-31,3377.73,HAUSSE,HAUSSE,HAUSSE,HAUSSE,4,1.0,CONSERVER,8.4162,0.7686
2013-11-29,3487.82,HAUSSE,HAUSSE,HAUSSE,HAUSSE,4,1.0,CONSERVER,8.9641,0.8186
2013-12-31,3592.0,HAUSSE,HAUSSE,HAUSSE,HAUSSE,4,1.0,CONSERVER,9.5011,0.8676
2014-01-31,3521.92,HAUSSE,HAUSSE,HAUSSE,HAUSSE,4,1.0,CONSERVER,9.1161,0.8325
2014-02-28,3696.1,HAUSSE,HAUSSE,HAUSSE,HAUSSE,4,1.0,CONSERVER,10.0245,0.9155
2014-03-31,3595.74,HAUSSE,HAUSSE,HAUSSE,HAUSSE,4,1.0,CONSERVER,9.4747,0.8652
2014-04-30,3582.02,HAUSSE,HAUSSE,HAUSSE,HAUSSE,4,1.0,CONSERVER,9.3683,0.8555
2014-05-30,3736.82,HAUSSE,HAUSSE,HAUSSE,HAUSSE,4,1.0,CONSERVER,10.1846,0.9301
2014-06-30,3849.48,HAUSSE,HAUSSE,HAUSSE,HAUSSE,4,1.0,CONSERVER,10.8044,0.9867
2014-07-31,3892.5,HAUSSE,HAUSSE,HAUSSE,HAUSSE,4,1.0,CONSERVER,11.0302,1.0073
2014-08-29,4082.56,HAUSSE,HAUSSE,HAUSSE,HAUSSE,4,1.0,CONSERVER,12.1269,1.1074
2014-09-30,4049.45,HAUSSE,HAUSSE,HAUSSE,HAUSSE,4,1.0,CONSERVER,11.9157,1.0882
2014-10-31,4158.21,HAUSSE,HAUSSE,HAUSSE,HAUSSE,4,1.0,CONSERVER,12.5128,1.1427
2014-11-28,4337.79,HAUSSE,HAUSSE,HAUSSE,HAUSSE,4,1.0,CONSERVER,13.6128,1.2431
2014-12-31,4236.28,HAUSSE,HAUSSE,HAUSSE,HAUSSE,4,1.0,CONSERVER,12.9547,1.183
2015-01-30,4148.43,HAUSSE,HAUSSE,HAUSSE,HAUSSE,4,1.0,CONSERVER,12.3887,1.1314
2015-02-27,4440.67,HAUSSE,HAUSSE,HAUSSE,HAUSSE,4,1.0,CONSERVER,14.1831,1.2952
2015-03-31,4333.69,HAUSSE,HAUSSE,HAUSSE,HAUSSE,4,1.0,CONSERVER,13.4817,1.2312
2015-04-30,4414.25,HAUSSE,HAUSSE,HAUSSE,HAUSSE,4,1.0,CONSERVER,13.9697,1.2757
2015-05-29,4508.25,HAUSSE,HAUSSE,HAUSSE,HAUSSE,4,1.0,CONSERVER,14.5493,1.3287
2015-06-30,4396.76,HAUSSE,HAUSSE,HAUSSE,HAUSSE,4,1.0,CONSERVER,13.8193,1.262
2015-07-31,4588.91,HAUSSE,HAUSSE,HAUSSE,HAUSSE,4,1.0,CONSERVER,15.0265,1.3722
2015-08-31,4274.58,HAUSSE,HAUSSE,HAUSSE,HAUSSE,4,1.0,CONSERVER,12.9308,1.1809
2015-09-30,4181.06,BAISSE,HAUSSE,HAUSSE,HAUSSE,3,0.75,VENDRE,12.4643,1.1241
2015-10-30,4648.83,BAISSE,HAUSSE,BAISSE,HAUSSE,2,0.5,VENDRE,13.9195,1.3865
2015-11-30,4664.51,HAUSSE,HAUSSE,HAUSSE,HAUSSE,4,1.0,ACHETER,13.9942,1.394
2015-12-31,4593.27,HAUSSE,HAUSSE,HAUSSE,HAUSSE,4,1.0,CONSERVER,13.5249,1.3472
2016-01-29,4279.17,HAUSSE,HAUSSE,HAUSSE,HAUSSE,4,1.0,CONSERVER,11.6575,1.1612
2016-02-29,4201.12,BAISSE,BAISSE,BAISSE,HAUSSE,1,0.25,VENDRE,11.5406,1.1146
2016-03-31,4483.66,BAISSE,BAISSE,BAISSE,BAISSE,0,0.0,VENDRE,11.5406,1.2673
2016-04-29,4341.3,HAUSSE,BAISSE,BAISSE,HAUSSE,2,0.5,ACHETER,11.1717,1.1862
2016-05-31,4523.89,BAISSE,HAUSSE,BAISSE,BAISSE,1,0.25,VENDRE,11.4069,1.2861
2016-06-30,4417.7,BAISSE,HAUSSE,BAISSE,HAUSSE,2,0.5,ACHETER,11.122,1.2219
2016-07-29,4730.23,BAISSE,BAISSE,HAUSSE,HAUSSE,2,0.5,CONSERVER,11.9319,1.3999
2016-08-31,4771.05,HAUSSE,HAUSSE,HAUSSE,HAUSSE,4,1.0,ACHETER,12.1343,1.4236
2016-09-30,4875.7,HAUSSE,HAUSSE,HAUSSE,HAUSSE,4,1.0,CONSERVER,12.6478,1.4838
2016-10-31,4801.27,HAUSSE,HAUSSE,HAUSSE,HAUSSE,4,1.0,CONSERVER,12.2565,1.4379
2016-11-30,4810.81,HAUSSE,HAUSSE,HAUSSE,HAUSSE,4,1.0,CONSERVER,12.2824,1.441
2016-12-30,4863.62,HAUSSE,HAUSSE,HAUSSE,HAUSSE,4,1.0,CONSERVER,12.5406,1.4713
2017-01-31,5116.77,HAUSSE,HAUSSE,HAUSSE,HAUSSE,4,1.0,CONSERVER,13.8732,1.6276
2017-02-28,5330.31,HAUSSE,HAUSSE,HAUSSE,HAUSSE,4,1.0,CONSERVER,15.0517,1.7659
2017-03-31,5436.23,HAUSSE,HAUSSE,HAUSSE,HAUSSE,4,1.0,CONSERVER,15.6468,1.8357
2017-04-28,5583.53,HAUSSE,HAUSSE,HAUSSE,HAUSSE,4,1.0,CONSERVER,16.4988,1.9356
2017-05-31,5788.8,HAUSSE,HAUSSE,HAUSSE,HAUSSE,4,1.0,CONSERVER,17.7154,2.0784
2017-06-30,5646.92,HAUSSE,HAUSSE,HAUSSE,HAUSSE,4,1.0,CONSERVER,16.8199,1.9733
2017-07-31,5880.33,HAUSSE,HAUSSE,HAUSSE,HAUSSE,4,1.0,CONSERVER,18.2248,2.1381
2017-08-31,5988.6,HAUSSE,HAUSSE,HAUSSE,HAUSSE,4,1.0,CONSERVER,18.8691,2.2137
2017-09-29,5979.3,HAUSSE,HAUSSE,HAUSSE,HAUSSE,4,1.0,CONSERVER,18.7976,2.2053
2017-10-31,6248.56,HAUSSE,HAUSSE,HAUSSE,HAUSSE,4,1.0,CONSERVER,20.5071,2.4059
2017-11-30,6365.56,HAUSSE,HAUSSE,HAUSSE,HAUSSE,4,1.0,CONSERVER,21.2632,2.4946
2017-12-29,6396.42,HAUSSE,HAUSSE,HAUSSE,HAUSSE,4,1.0,CONSERVER,21.4576,2.5174
2018-01-31,6949.99,HAUSSE,HAUSSE,HAUSSE,HAUSSE,4,1.0,CONSERVER,25.2989,2.9681
2018-02-28,6854.42,HAUSSE,HAUSSE,HAUSSE,HAUSSE,4,1.0,CONSERVER,24.4388,2.8672
2018-03-29,6581.13,HAUSSE,HAUSSE,HAUSSE,HAUSSE,4,1.0,CONSERVER,22.3971,2.6276
2018-04-30,6605.57,HAUSSE,HAUSSE,HAUSSE,HAUSSE,4,1.0,CONSERVER,22.4663,2.6358
2018-05-31,6967.73,HAUSSE,HAUSSE,HAUSSE,HAUSSE,4,1.0,CONSERVER,24.9675,2.9292
2018-06-29,7040.8,HAUSSE,HAUSSE,HAUSSE,HAUSSE,4,1.0,CONSERVER,25.4542,2.9863
2018-07-31,7231.98,HAUSSE,HAUSSE,HAUSSE,HAUSSE,4,1.0,CONSERVER,26.8041,3.1447
2018-08-31,7654.55,HAUSSE,HAUSSE,HAUSSE,HAUSSE,4,1.0,CONSERVER,30.001,3.5197
2018-09-28,7627.65,HAUSSE,HAUSSE,HAUSSE,HAUSSE,4,1.0,CONSERVER,29.7617,3.4916
2018-10-31,6967.1,HAUSSE,HAUSSE,HAUSSE,HAUSSE,4,1.0,CONSERVER,24.5767,2.8833
2018-11-30,6949.01,HAUSSE,HAUSSE,HAUSSE,HAUSSE,4,1.0,CONSERVER,24.299,2.8508
2018-12-31,6329.97,BAISSE,HAUSSE,BAISSE,HAUSSE,2,0.5,VENDRE,22.1267,2.3411
2019-01-31,6906.84,BAISSE,BAISSE,BAISSE,BAISSE,0,0.0,VENDRE,22.1267,2.7713
2019-02-28,7097.53,BAISSE,BAISSE,HAUSSE,BAISSE,1,0.25,ACHETER,22.4317,2.9241
2019-03-29,7378.77,BAISSE,HAUSSE,HAUSSE,HAUSSE,3,0.75,ACHETER,23.7597,3.1549
2019-04-30,7781.46,BAISSE,HAUSSE,HAUSSE,HAUSSE,3,0.75,CONSERVER,25.7458,3.5065
2019-05-31,7127.96,HAUSSE,HAUSSE,HAUSSE,HAUSSE,4,1.0,ACHETER,21.5264,2.9319
2019-06-28,7671.08,HAUSSE,BAISSE,BAISSE,HAUSSE,2,0.5,VENDRE,23.1977,3.3871
2019-07-31,7848.78,HAUSSE,HAUSSE,HAUSSE,HAUSSE,4,1.0,ACHETER,24.2564,3.5417
2019-08-30,7691.0,HAUSSE,HAUSSE,HAUSSE,HAUSSE,4,1.0,CONSERVER,23.1479,3.3798
2019-09-30,7749.45,HAUSSE,HAUSSE,HAUSSE,HAUSSE,4,1.0,CONSERVER,23.4659,3.4263
2019-10-31,8083.83,HAUSSE,HAUSSE,HAUSSE,HAUSSE,4,1.0,CONSERVER,25.4811,3.7205
2019-11-29,8403.68,HAUSSE,HAUSSE,HAUSSE,HAUSSE,4,1.0,CONSERVER,27.524,4.0188
2019-12-31,8733.07,HAUSSE,HAUSSE,HAUSSE,HAUSSE,4,1.0,CONSERVER,29.7022,4.3368
2020-01-31,8991.51,HAUSSE,HAUSSE,HAUSSE,HAUSSE,4,1.0,CONSERVER,31.4293,4.589
2020-02-28,8461.83,HAUSSE,HAUSSE,HAUSSE,HAUSSE,4,1.0,CONSERVER,27.6485,4.037
2020-03-31,7813.5,HAUSSE,HAUSSE,HAUSSE,HAUSSE,4,1.0,CONSERVER,21.9023,3.198
2020-04-30,9000.51,HAUSSE,BAISSE,HAUSSE,HAUSSE,3,0.75,VENDRE,26.9596,4.1825
2020-05-29,9555.53,HAUSSE,HAUSSE,HAUSSE,HAUSSE,4,1.0,ACHETER,30.2758,4.697
2020-06-30,10156.85,HAUSSE,HAUSSE,HAUSSE,HAUSSE,4,1.0,CONSERVER,34.0021,5.2751
2020-07-31,10905.88,HAUSSE,HAUSSE,HAUSSE,HAUSSE,4,1.0,CONSERVER,39.0262,6.0545
2020-08-31,12110.7,HAUSSE,HAUSSE,HAUSSE,HAUSSE,4,1.0,CONSERVER,47.9951,7.446
2020-09-30,11418.06,HAUSSE,HAUSSE,HAUSSE,HAUSSE,4,1.0,CONSERVER,42.1973,6.5465
2020-10-30,11052.95,HAUSSE,HAUSSE,HAUSSE,HAUSSE,4,1.0,CONSERVER,39.2673,6.0919
2020-11-30,12268.32,HAUSSE,HAUSSE,HAUSSE,HAUSSE,4,1.0,CONSERVER,48.1528,7.4705
2020-12-31,12888.28,HAUSSE,HAUSSE,HAUSSE,HAUSSE,4,1.0,CONSERVER,53.0789,8.2347
2021-01-29,12925.38,HAUSSE,HAUSSE,HAUSSE,HAUSSE,4,1.0,CONSERVER,53.1799,8.2504
2021-02-26,12909.44,HAUSSE,HAUSSE,HAUSSE,HAUSSE,4,1.0,CONSERVER,52.8696,8.2022
2021-03-31,13091.44,HAUSSE,HAUSSE,HAUSSE,HAUSSE,4,1.0,CONSERVER,53.9431,8.3688
2021-04-30,13860.76,HAUSSE,HAUSSE,HAUSSE,HAUSSE,4,1.0,CONSERVER,60.3395,9.3611
2021-05-28,13686.51,HAUSSE,HAUSSE,HAUSSE,HAUSSE,4,1.0,CONSERVER,58.6394,9.0973
2021-06-30,14554.8,HAUSSE,HAUSSE,HAUSSE,HAUSSE,4,1.0,CONSERVER,66.2322,10.2753
2021-07-30,14959.9,HAUSSE,HAUSSE,HAUSSE,HAUSSE,4,1.0,CONSERVER,69.9,10.8443
2021-08-31,15582.51,HAUSSE,HAUSSE,HAUSSE,HAUSSE,4,1.0,CONSERVER,75.7666,11.7545
2021-09-30,14689.62,HAUSSE,HAUSSE,HAUSSE,HAUSSE,4,1.0,CONSERVER,67.2039,10.426
2021-10-29,15850.47,HAUSSE,HAUSSE,HAUSSE,HAUSSE,4,1.0,CONSERVER,78.0955,12.1158
2021-11-30,16135.92,HAUSSE,HAUSSE,HAUSSE,HAUSSE,4,1.0,CONSERVER,80.7484,12.5273
2021-12-31,16320.08,HAUSSE,HAUSSE,HAUSSE,HAUSSE,4,1.0,CONSERVER,82.2139,12.7547
2022-01-31,14930.05,HAUSSE,HAUSSE,HAUSSE,HAUSSE,4,1.0,CONSERVER,68.3216,10.5994
2022-02-28,14237.81,BAISSE,HAUSSE,HAUSSE,HAUSSE,3,0.75,VENDRE,63.2978,9.5603
2022-03-31,14838.49,BAISSE,BAISSE,HAUSSE,HAUSSE,2,0.5,VENDRE,65.7035,10.2869
2022-04-29,12854.8,HAUSSE,BAISSE,HAUSSE,HAUSSE,3,0.75,ACHETER,53.0381,7.643
2022-05-31,12642.1,BAISSE,BAISSE,BAISSE,BAISSE,0,0.0,VENDRE,53.0381,7.2824
2022-06-30,11503.72,BAISSE,BAISSE,BAISSE,BAISSE,0,0.0,CONSERVER,53.0381,5.9588
2022-07-29,12947.97,BAISSE,BAISSE,BAISSE,BAISSE,0,0.0,CONSERVER,53.0381,7.5037
2022-08-31,12272.03,BAISSE,BAISSE,BAISSE,BAISSE,0,0.0,CONSERVER,53.0381,6.701
2022-09-30,10971.22,BAISSE,BAISSE,BAISSE,BAISSE,0,0.0,CONSERVER,53.0381,5.3151
2022-10-31,11405.57,BAISSE,BAISSE,BAISSE,BAISSE,0,0.0,CONSERVER,53.0381,5.6914
2022-11-30,12030.06,BAISSE,BAISSE,BAISSE,BAISSE,0,0.0,CONSERVER,53.0381,6.2618
2022-12-30,10939.76,BAISSE,BAISSE,BAISSE,BAISSE,0,0.0,CONSERVER,53.0381,5.154
2023-01-31,12101.93,BAISSE,BAISSE,BAISSE,BAISSE,0,0.0,CONSERVER,53.0381,6.2805
2023-02-28,12042.12,BAISSE,BAISSE,BAISSE,BAISSE,0,0.0,CONSERVER,53.0381,6.1889
2023-03-31,13181.35,BAISSE,HAUSSE,BAISSE,BAISSE,1,0.25,ACHETER,55.6035,7.3863
2023-04-28,13245.99,HAUSSE,HAUSSE,HAUSSE,BAISSE,3,0.75,ACHETER,55.9315,7.4444
2023-05-31,14254.09,HAUSSE,HAUSSE,HAUSSE,HAUSSE,4,1.0,ACHETER,64.5915,8.597
2023-06-30,15179.21,HAUSSE,HAUSSE,HAUSSE,HAUSSE,4,1.0,CONSERVER,73.0677,9.7252
2023-07-31,15757.0,HAUSSE,HAUSSE,HAUSSE,HAUSSE,4,1.0,CONSERVER,78.6065,10.4624
2023-08-31,15501.07,HAUSSE,HAUSSE,HAUSSE,HAUSSE,4,1.0,CONSERVER,75.8462,10.095
2023-09-29,14715.24,HAUSSE,HAUSSE,HAUSSE,HAUSSE,4,1.0,CONSERVER,68.2341,9.0818
2023-10-31,14409.78,HAUSSE,HAUSSE,HAUSSE,HAUSSE,4,1.0,CONSERVER,65.2261,8.6815
2023-11-30,15947.87,HAUSSE,HAUSSE,HAUSSE,HAUSSE,4,1.0,CONSERVER,79.7305,10.612
2023-12-29,16825.93,HAUSSE,HAUSSE,HAUSSE,HAUSSE,4,1.0,CONSERVER,88.6443,11.7984
2024-01-31,17137.24,HAUSSE,HAUSSE,HAUSSE,HAUSSE,4,1.0,CONSERVER,91.758,12.2128
2024-02-29,18043.85,HAUSSE,HAUSSE,HAUSSE,HAUSSE,4,1.0,CONSERVER,101.4988,13.5093
2024-03-28,18254.69,HAUSSE,HAUSSE,HAUSSE,HAUSSE,4,1.0,CONSERVER,103.6965,13.8018
2024-04-30,17440.69,HAUSSE,HAUSSE,HAUSSE,HAUSSE,4,1.0,CONSERVER,94.3634,12.5596
2024-05-31,18536.65,HAUSSE,HAUSSE,HAUSSE,HAUSSE,4,1.0,CONSERVER,106.4526,14.1686
2024-06-28,19682.87,HAUSSE,HAUSSE,HAUSSE,HAUSSE,4,1.0,CONSERVER,119.8768,15.9554
2024-07-31,19362.43,HAUSSE,HAUSSE,HAUSSE,HAUSSE,4,1.0,CONSERVER,115.4278,15.3632
2024-08-30,19574.64,HAUSSE,HAUSSE,HAUSSE,HAUSSE,4,1.0,CONSERVER,117.3207,15.6151
2024-09-30,20060.69,HAUSSE,HAUSSE,HAUSSE,HAUSSE,4,1.0,CONSERVER,122.7982,16.3442
2024-10-31,19890.42,HAUSSE,HAUSSE,HAUSSE,HAUSSE,4,1.0,CONSERVER,120.4508,16.0318
2024-11-29,20930.37,HAUSSE,HAUSSE,HAUSSE,HAUSSE,4,1.0,CONSERVER,133.091,17.7141
2024-12-31,21012.17,HAUSSE,HAUSSE,HAUSSE,HAUSSE,4,1.0,CONSERVER,133.6883,17.7936
2025-01-31,21478.05,HAUSSE,HAUSSE,HAUSSE,HAUSSE,4,1.0,CONSERVER,139.226,18.5307
2025-02-28,20884.41,HAUSSE,HAUSSE,HAUSSE,HAUSSE,4,1.0,CONSERVER,131.2863,17.4739
2025-03-31,19278.45,HAUSSE,HAUSSE,HAUSSE,HAUSSE,4,1.0,CONSERVER,111.1661,14.796
2025-04-30,19571.02,BAISSE,BAISSE,HAUSSE,HAUSSE,2,0.5,VENDRE,111.4218,14.864
2025-05-30,21340.99,BAISSE,BAISSE,BAISSE,HAUSSE,1,0.25,VENDRE,116.5805,17.6168
2025-06-30,22679.01,HAUSSE,HAUSSE,HAUSSE,HAUSSE,4,1.0,ACHETER,131.484,19.8689
2025-07-31,23218.12,HAUSSE,HAUSSE,HAUSSE,HAUSSE,4,1.0,CONSERVER,137.7336,20.8133
2025-08-29,23415.42,HAUSSE,HAUSSE,HAUSSE,HAUSSE,4,1.0,CONSERVER,139.8102,21.1271
2025-09-30,24679.99,HAUSSE,HAUSSE,HAUSSE,HAUSSE,4,1.0,CONSERVER,155.2158,23.4551
2025-10-31,25858.13,HAUSSE,HAUSSE,HAUSSE,HAUSSE,4,1.0,CONSERVER,169.8291,25.6634
2025-11-28,25434.89,HAUSSE,HAUSSE,HAUSSE,HAUSSE,4,1.0,CONSERVER,163.7345,24.7424
2025-12-31,25249.85,HAUSSE,HAUSSE,HAUSSE,HAUSSE,4,1.0,CONSERVER,161.1219,24.3476
2026-01-30,25552.39,HAUSSE,HAUSSE,HAUSSE,HAUSSE,4,1.0,CONSERVER,164.7697,24.8988
2026-02-27,24960.04,HAUSSE,HAUSSE,HAUSSE,HAUSSE,4,1.0,CONSERVER,156.8174,23.6971
2026-03-31,23740.19,HAUSSE,HAUSSE,HAUSSE,HAUSSE,4,1.0,CONSERVER,141.2649,21.3469
2026-04-30,27452.12,BAISSE,HAUSSE,HAUSSE,HAUSSE,3,0.75,VENDRE,176.5951,28.4654
2026-05-29,30333.18,HAUSSE,HAUSSE,HAUSSE,HAUSSE,4,1.0,ACHETER,215.0853,34.6696
2026-06-30,30276.35,HAUSSE,HAUSSE,HAUSSE,HAUSSE,4,1.0,CONSERVER,212.4657,34.2474
2026-07-01,29964.82,HAUSSE,HAUSSE,HAUSSE,HAUSSE,4,1.0,CONSERVER,208.0933,33.5426
